bodyparts,0
eyes,4.871646990769415
swimbladder,5.724374842834234
midtail,3.2180069987941224
endtail,1.6067623745614226
distnorm,105.25912529982487
